<lsf>
    <initials>
        <reference length="1" />
        <!-- axis length; "0" means no axis displayed -->
        <root id="root" />
    </initials>

    <views default="defaultCamera">
        <perspective id="defaultCamera" near="0.1" far="500" angle="45">
            <from x="8" y="4" z="11" />
            <to x="1.5" y="1.5" z="1" />
        </perspective>
        <ortho id="demoOrtho" near="0.2" far="100" left="-0.2" right="0.2" top="0.2" bottom="-0.2">
            <from x="5" y="0" z="10" />
            <to x="5" y="0" z="0" />
            <up x="0" y="1" z="0" />
        </ortho>
    </views>

    <illumination>
        <ambient r="0.2" g="0.2" b="0.2" a="1.0" />           <!-- global ambient -->
        <background r="0.1" g="0.7" b="1.0" a="1.0" />        <!-- background color -->
    </illumination>


    <lights>
        <!-- NOTE: this block "light" must be repeated as necessary with different "id". 
        At least one light should be present, and a maximum of eight lights is accepted. -->
        <light id="demoLight">            <!-- light identifier -->
            <enable value="1" />
            <!-- enable/disable -->
            <position x="10" y="12" z="9.5" w="1.0" /><!-- light position; w=1: point light; w=0: directional light -->
            <ambient r="0" g="0" b="0" a="1.0" />                   <!-- ambient component -->
            <diffuse r="1.0" g="1.0" b="1.0" a="1.0" />             <!-- diffuse component -->
            <specular r="1.0" g="1.0" b="1.0" a="1.0" />            <!-- specular component -->
        </light>
    </lights>

    <textures>
        <texture id="clear_wood" path="clear_wood.jpg" />
        <texture id="dark_wood" path="dark_wood.jpg" />
        <texture id="semi_clear_wood" path="semi_clear_wood.jpg" />
        <texture id="floor_wood" path="floor_wood.jpg" />
        <texture id="wall_wood" path="wall_wood.png" />
        <texture id="rattan" path="palha.jpg" />
        <texture id="glass" path="bottle.jpg" />
        <texture id="chalkboard" path="chalkboard.jpg" />
        <texture id="televisao" path="televisao.jpg" /> <!-- televisao.jpg OU spoiler-alert.jpg --> 
    </textures>

    <materials>
        <material id="demoMaterial">
            <shininess value="2" />
            <ambient r="1.0" g="0.5" b="0.0" a="1.0" />
            <diffuse r="0.6" g="0.0" b="0.0" a="1.0" />
            <specular r="0.6" g="0.0" b="0.0" a="1.0" />
            <emissive r="0.0" g="0.0" b="0.0" a="1.0" />
        </material>
        <material id="base">
            <shininess value="2" />
            <ambient r="0.5" g="0.5" b="0.5" a="0.0" />
            <diffuse r="0.7" g="0.7" b="0.7" a="0.0" />
            <specular r="0.0" g="0.0" b="0.0" a="0.0" />
            <emissive r="0.0" g="0.0" b="0.0" a="0.0" />
        </material>
        <material id="chrome">
            <shininess value="76.8" />
            <ambient r="0.25" g="0.25" b="0.25" a="1.0" />
            <diffuse r="0.3" g="0.3" b="0.3" a="1.0" />
            <specular r="0.774597 " g="0.774597 " b="0.774597 " a="1.0" />
            <emissive r="0.0" g="0.0" b="0.0" a="1.0" />
        </material>
        <material id="black_plastic">
            <shininess value="32" />
            <ambient r="0.1" g="0.1" b="0.1" a="1.0" />
            <diffuse r="0.09" g="0.09" b="0.09" a="1.0" />
            <specular r="0.5 " g="0.5 " b="0.5 " a="1.0" />
            <emissive r="0.0" g="0.0" b="0.0" a="1.0" />
        </material>
        <material id="black_plastic_dif">
            <shininess value="32" />
            <ambient r="0.1" g="0.1" b="0.1" a="1.0" />
            <diffuse r="0.6" g="0.6" b="0.6" a="1.0" />
            <specular r="0.3 " g="0.3 " b="0.3 " a="1.0" />
            <emissive r="0.0" g="0.0" b="0.0" a="1.0" />
        </material>
         <material id="chalk">
            <shininess value="10" />
            <ambient r="0.02" g="0.02" b="0.02" a="1.0" />
            <diffuse r="0.8" g="0.8" b="0.8" a="1.0" />
            <specular r="0.4 " g="0.4 " b="0.4 " a="1.0" />
            <emissive r="0.0" g="0.0" b="0.0" a="1.0" />
        </material>
    </materials>

    <nodes>
        <node id="root">            
            <material id="demoMaterial" />
            <texture id="clear_wood">
                <amplification afs="1.0" aft="1.0" />
            </texture>

            <transformations>
            </transformations>

            <descendants>
                <noderef id="paredes" />
                <noderef id="bancada" />
                <noderef id="set_lat_cadeiras" />
                <noderef id="set_lat_tapetes" />
                <noderef id="prateleira" />
                <noderef id="garrafa_1" />
                <noderef id="televisao_lat" />
                <noderef id="quadro_tra" />
            </descendants>
        </node>


        <node id="televisao_lat">
            <material id="null"/>
            <texture id="null">
                <amplification afs="1.0" aft="1.0" />
            </texture>

            <transformations>
                <translation x="2.6" y="2.5" z="0.05" />
                <scale sx="1" sy="0.5625" sz="0.5" />
            </transformations>

            <descendants>
                <noderef id="televisao" />
            </descendants>
        </node>
        <node id="televisao">
            <material id="null"/>
            <texture id="null">
                <amplification afs="1.0" aft="1.0" />
            </texture>

            <transformations>
            </transformations>

            <descendants>
                <noderef id="tel_escrita" />
                <noderef id="tel_sup_set" />
            </descendants>
        </node>
        <node id="tel_escrita">            
            <material id="black_plastic_dif" />
            <texture id="televisao">
                <amplification afs="1.0" aft="1.0" />
            </texture>

            <transformations>
            </transformations>

            <descendants>
                <leaf type="rectangle" x1="0" y1="0" x2="2" y2="2" />
            </descendants>
        </node>
        <node id="tel_sup_set">            
            <material id="black_plastic" />
            <texture id="null">
                <amplification afs="1.0" aft="1.0" />
            </texture>

            <transformations>
            </transformations>

            <descendants>
                <noderef id="quad_sup_sup" />
                <noderef id="quad_sup_inf" />
                <noderef id="quad_sup_dir" />
                <noderef id="quad_sup_esq" />
            </descendants>
        </node>

        <node id="quadro_tra">
            <material id="null"/>
            <texture id="null">
                <amplification afs="1.0" aft="1.0" />
            </texture>

            <transformations>
                <translation x="0.05" y="1.7" z="2.7" />
                <scale sx="1" sy="1" sz="0.6" />
                <rotation axis="y" angle="90" />
            </transformations>

            <descendants>
                <noderef id="quadro" />
            </descendants>
        </node>
        <node id="quadro">
            <material id="null"/>
            <texture id="null">
                <amplification afs="1.0" aft="1.0" />
            </texture>

            <transformations>
            </transformations>

            <descendants>
                <noderef id="quad_escrita" />
                <noderef id="quad_sup_set" />
            </descendants>
        </node>
        <node id="quad_escrita">            
            <material id="chalk" />
            <texture id="chalkboard">
                <amplification afs="1.0" aft="1.0" />
            </texture>

            <transformations>
            </transformations>

            <descendants>
                <leaf type="rectangle" x1="0" y1="0" x2="2" y2="2" />
            </descendants>
        </node>
        <node id="quad_sup_set">            
            <material id="base" />
            <texture id="clear_wood">
                <amplification afs="1.0" aft="1.0" />
            </texture>

            <transformations>
            </transformations>

            <descendants>
                <noderef id="quad_sup_sup" />
                <noderef id="quad_sup_inf" />
                <noderef id="quad_sup_dir" />
                <noderef id="quad_sup_esq" />
            </descendants>
        </node>
        <node id="quad_sup_sup">            
            <material id="null" />
            <texture id="null">
                <amplification afs="1.0" aft="1.0" />
            </texture>

            <transformations>
                <translation x="1" y="2" z="0" />
            </transformations>

            <descendants>
                <noderef id="quad_sup" />
            </descendants>
        </node>
        <node id="quad_sup_inf">            
            <material id="null" />
            <texture id="null">
                <amplification afs="1.0" aft="1.0" />
            </texture>

            <transformations>
                <translation x="1" y="0" z="0" />
            </transformations>

            <descendants>
                <noderef id="quad_sup" />
            </descendants>
        </node>
        <node id="quad_sup_dir">            
            <material id="null" />
            <texture id="null">
                <amplification afs="1.0" aft="1.0" />
            </texture>

            <transformations>
                <translation x="2" y="1" z="0" />
                <rotation axis="z" angle="90" />
                <scale sx="1.05" sy="1" sz="1" />
            </transformations>

            <descendants>
                <noderef id="quad_sup" />
            </descendants>
        </node>
        <node id="quad_sup_esq">            
            <material id="null" />
            <texture id="null">
                <amplification afs="1.0" aft="1.0" />
            </texture>

            <transformations>
                <translation x="0" y="1" z="0" />
                <rotation axis="z" angle="90" />
                <scale sx="1.05" sy="1" sz="1" />
            </transformations>

            <descendants>
                <noderef id="quad_sup" />
            </descendants>
        </node>
        <node id="quad_sup">            
            <material id="null" />
            <texture id="null">
                <amplification afs="1.0" aft="1.0" />
            </texture>

            <transformations>
                <scale sx="2" sy="0.1" sz="0.1" />
            </transformations>

            <descendants>
                <noderef id="cube" />
            </descendants>
        </node>

        <node id="garrafa_1">
            <material id="null"/>
            <texture id="null">
                <amplification afs="1.0" aft="1.0" />
            </texture>

            <transformations>
                <translation x="0.235" y="3" z="5.5" />
                <scale sx="0.2" sy="0.2" sz="0.2" />
            </transformations>

            <descendants>
                <noderef id="garrafa" />
            </descendants>
        </node>
        <node id="garrafa">
            <material id="chrome"/>
            <texture id="glass">
                <amplification afs="1.0" aft="1.0" />
            </texture>

            <transformations>
                <!-- <translation x="0.235" y="3" z="5.5" />
                <scale sx="0.5" sy="0.5" sz="0.5" /> -->
            </transformations>

            <descendants>
                <noderef id="corpo" />
                <noderef id="corpo_superior" />
                <noderef id="gargalo" />
                <noderef id="rolha" />
            </descendants>
        </node>
        <node id="corpo">
            <material id="null"/>
            <texture id="null">
                <amplification afs="1.0" aft="1.0" />
            </texture>

            <transformations>
                <translation x="0" y="0" z="0" />
                <scale sx="0.5" sy="1.2" sz="0.5" />
                <rotation axis="x" angle="-90" />
            </transformations>

            <descendants>
                <leaf type="cylinder" height="2" topRadius="1" bottomRadius="1" stacks="1" slices="10"/>
            </descendants>
        </node>
        <node id="corpo_superior">
            <material id="null"/>
            <texture id="null">
                <amplification afs="1.0" aft="1.0" />
            </texture>

            <transformations>
                <translation x="0" y="2.4" z="0" />
                <scale sx="0.50" sy="0.5" sz="0.50" />
                <rotation axis="x" angle="-90" />
            </transformations>

            <descendants>
                <leaf type="sphere" radius="1" slices="10" stacks="5"/>
            </descendants>
        </node>
        <node id="gargalo">
            <material id="null"/>
            <texture id="null">
                <amplification afs="1.0" aft="1.0" />
            </texture>

            <transformations>
                <translation x="0" y="2.7" z="0" />
                <scale sx="0.17" sy="0.5" sz="0.17" />
                <rotation axis="x" angle="-90" />
            </transformations>

            <descendants>
                <leaf type="cylinder" height="2" topRadius="1" bottomRadius="1" stacks="1" slices="8"/>
            </descendants>
        </node>
         <node id="rolha">
            <material id="base"/>
            <texture id="clear_wood">
                <amplification afs="1.0" aft="1.0" />
            </texture>

            <transformations>
                <translation x="0" y="2.77" z="0" />
                <scale sx="0.14" sy="0.5" sz="0.14" />
                <rotation axis="x" angle="-90" />
            </transformations>

            <descendants>
                <leaf type="cylinder" height="2" topRadius="1" bottomRadius="1" stacks="1" slices="8"/>
            </descendants>
        </node>

        <node id="prateleira">
            <material id="base"/>
            <texture id="null">
                <amplification afs="1.0" aft="1.0" />
            </texture>

            <transformations>
                <translation x="0.235" y="3" z="5.5" />
                <scale sx="0.5" sy="0.5" sz="0.5" />
            </transformations>

            <descendants>
                <noderef id="prat_suporte" />
                <noderef id="prat_apoio_esq" />
                <noderef id="prat_apoio_dir" />
            </descendants>
        </node>
        <node id="prat_suporte">
            <material id="null"/>
            <texture id="null">
                <amplification afs="1.0" aft="1.0" />
            </texture>

            <transformations>
                <translation x="0" y="0" z="0" />
                <scale sx="1" sy="0.1" sz="5" />
            </transformations>

            <descendants>
                <noderef id="cube" />
            </descendants>
        </node>
        <node id="prat_apoio_esq">
            <material id="null"/>
            <texture id="null">
                <amplification afs="1.0" aft="1.0" />
            </texture>

            <transformations>
                <translation x="0" y="0" z="2" />
            </transformations>

            <descendants>
                <noderef id="prat_apoio_1" />
                <noderef id="prat_apoio_2" />
                <noderef id="prat_apoio_3" />
            </descendants>
        </node>
        <node id="prat_apoio_dir">
            <material id="null"/>
            <texture id="null">
                <amplification afs="1.0" aft="1.0" />
            </texture>

            <transformations>
                <translation x="0" y="0" z="-2" />
            </transformations>

            <descendants>
                <noderef id="prat_apoio_1" />
                <noderef id="prat_apoio_2" />
                <noderef id="prat_apoio_3" />
            </descendants>
        </node>
        <node id="prat_apoio_1">
            <material id="null"/>
            <texture id="null">
                <amplification afs="1.0" aft="1.0" />
            </texture>

            <transformations>
                <translation x="-0.45" y="-0.35" z="0" />
                <scale sx="0.1" sy="0.7" sz="0.1" />
            </transformations>

            <descendants>
                <noderef id="cube" />
            </descendants>
        </node>
        <node id="prat_apoio_2">
            <material id="null"/>
            <texture id="null">
                <amplification afs="1.0" aft="1.0" />
            </texture>

            <transformations>
                <translation x="-0.15" y="-0.10" z="0" />
                <scale sx="0.7" sy="0.1" sz="0.1" />
            </transformations>

            <descendants>
                <noderef id="cube" />
            </descendants>
        </node>
        <node id="prat_apoio_3">
            <material id="null"/>
            <texture id="null">
                <amplification afs="1.0" aft="1.0" />
            </texture>

            <transformations>
                <translation x="-0.2" y="-0.35" z="0" />
                <rotation axis="z" angle="45" />
                <scale sx="0.7" sy="0.1" sz="0.1" />
            </transformations>

            <descendants>
                <noderef id="cube" />
            </descendants>
        </node>

        <node id="cube">            
            <material id="null" />
            <texture id="null">
                <amplification afs="1.0" aft="1.0" />
            </texture>

            <transformations>
            </transformations>

            <descendants>
                <noderef id="cub_lado_1" />
                <noderef id="cub_lado_2" />
                <noderef id="cub_lado_3" />
                <noderef id="cub_lado_4" />
                <noderef id="cub_lado_5" />
                <noderef id="cub_lado_6" />
            </descendants>
        </node>
        <node id="cub_lado_1">            
            <material id="null" />
            <texture id="null">
                <amplification afs="1.0" aft="1.0" />
            </texture>

            <transformations>
                <translation x="0.5" y="-0.5" z="0.5" />
                <rotation axis="y" angle="90" />
            </transformations>

            <descendants>
                <leaf type="rectangle" x1="0" y1="0" x2="1" y2="1" />
            </descendants>
        </node>
        <node id="cub_lado_2">            
            <material id="null" />
            <texture id="null">
                <amplification afs="1.0" aft="1.0" />
            </texture>

            <transformations>
                <translation x="-0.5" y="-0.5" z="-0.5" />
                <rotation axis="y" angle="270" />
            </transformations>

            <descendants>
                <leaf type="rectangle" x1="0" y1="0" x2="1" y2="1" />
            </descendants>
        </node>
        <node id="cub_lado_3">            
            <material id="null" />
            <texture id="null">
                <amplification afs="1.0" aft="1.0" />
            </texture>

            <transformations>
                <translation x="-0.5" y="-0.5" z="-0.5" />
                <rotation axis="x" angle="90" /> 
            </transformations>

            <descendants>
                <leaf type="rectangle" x1="0" y1="0" x2="1" y2="1" />
            </descendants>
        </node>
        <node id="cub_lado_4">            
            <material id="null" />
            <texture id="null">
                <amplification afs="1.0" aft="1.0" />
            </texture>

            <transformations>
                <translation x="-0.5" y="0.5" z="0.5" />
                <rotation axis="x" angle="-90" />  
            </transformations>

            <descendants>
                <leaf type="rectangle" x1="0" y1="0" x2="1" y2="1" />
            </descendants>
        </node>
        <node id="cub_lado_5">            
            <material id="null" />
            <texture id="null">
                <amplification afs="1.0" aft="1.0" />
            </texture>

            <transformations>
                <translation x="0.5" y="-0.5" z="-0.5" />
                <rotation axis="y" angle="180" />   
            </transformations>

            <descendants>
                <leaf type="rectangle" x1="0" y1="0" x2="1" y2="1" />
            </descendants>
        </node>
        <node id="cub_lado_6">            
            <material id="null" />
            <texture id="null">
                <amplification afs="1.0" aft="1.0" />
            </texture>

            <transformations>
                <translation x="-0.5" y="-0.5" z="0.5" />
            </transformations>

            <descendants>
                <leaf type="rectangle" x1="0" y1="0" x2="1" y2="1" />
            </descendants>
        </node>

        <node id="set_lat_tapetes">            
            <material id="base" />
            <texture id="rattan">
                <amplification afs="1.0" aft="1.0" />
            </texture>

            <transformations>
                <translation x="2.43" y="1.255" z="3.9" />
                <scale sx="0.8" sy="1" sz="0.8" />
                <rotation axis="x" angle="-90" />
            </transformations>

            <descendants>
                <noderef id="tapete_1" />
                <noderef id="tapete_2" />
                <noderef id="tapete_3" />
                <noderef id="tapete_4" />
                <noderef id="tapete_5" />
                <noderef id="tapete_6" />
                <noderef id="tapete_7" />
                <noderef id="tapete_8" />
            </descendants>
        </node>
        <node id="tapete_1">
            <material id="null"/>
            <texture id="null">
                <amplification afs="1.0" aft="1.0" />
            </texture>

            <transformations>
                <translation x="0" y="3.7" z="0" />
            </transformations>

            <descendants>
                <leaf type="rectangle" x1="0" y1="0" x2="1" y2="1" />
            </descendants>
        </node>
        <node id="tapete_2">
            <material id="null"/>
            <texture id="null">
                <amplification afs="1.0" aft="1.0" />
            </texture>

            <transformations>
                <translation x="0" y="2.46" z="0" />
            </transformations>

            <descendants>
                <leaf type="rectangle" x1="0" y1="0" x2="1" y2="1" />
            </descendants>
        </node>
        <node id="tapete_3">
            <material id="null"/>
            <texture id="null">
                <amplification afs="1.0" aft="1.0" />
            </texture>

            <transformations>
                <translation x="0" y="1.23" z="0" />
            </transformations>

            <descendants>
                <leaf type="rectangle" x1="0" y1="0" x2="1" y2="1" />
            </descendants>
        </node>
        <node id="tapete_4">
            <material id="null"/>
            <texture id="null">
                <amplification afs="1.0" aft="1.0" />
            </texture>

            <transformations>
                <translation x="0" y="0" z="0" />
            </transformations>

            <descendants>
                <leaf type="rectangle" x1="0" y1="0" x2="1" y2="1" />
            </descendants>
        </node>
        <node id="tapete_5">
            <material id="null"/>
            <texture id="null">
                <amplification afs="1.0" aft="1.0" />
            </texture>

            <transformations>
                <translation x="0" y="-1.23" z="0" />
            </transformations>

            <descendants>
                <leaf type="rectangle" x1="0" y1="0" x2="1" y2="1" />
            </descendants>
        </node>
        <node id="tapete_6">
            <material id="null"/>
            <texture id="null">
                <amplification afs="1.0" aft="1.0" />
            </texture>

            <transformations>
                <translation x="0" y="-2.46" z="0" />
            </transformations>

            <descendants>
                <leaf type="rectangle" x1="0" y1="0" x2="1" y2="1" />
            </descendants>
        </node>
        <node id="tapete_7">
            <material id="null"/>
            <texture id="null">
                <amplification afs="1.0" aft="1.0" />
            </texture>

            <transformations>
                <translation x="0" y="-3.7" z="0" />
            </transformations>

            <descendants>
                <leaf type="rectangle" x1="0" y1="0" x2="1" y2="1" />
            </descendants>
        </node>
        <node id="tapete_8">
            <material id="null"/>
            <texture id="null">
                <amplification afs="1.0" aft="1.0" />
            </texture>

            <transformations>
                <translation x="0" y="-4.94" z="0" />
            </transformations>

            <descendants>
                <leaf type="rectangle" x1="0" y1="0" x2="1" y2="1" />
            </descendants>
        </node>

        <node id="bancada">
            <material id="null"/>
            <texture id="clear">
                <amplification afs="1.0" aft="1.0" />
            </texture>

            <transformations>
                <translation x="2" y="0.55" z="4" />
            </transformations>

            <descendants>
                <noderef id="ban_suporte_1" />
                <noderef id="ban_suporte_2" />
                <noderef id="ban_refeicao_1" />
                <noderef id="ban_refeicao_2" />
                <noderef id="ban_suporte_sup_1" />
                <noderef id="ban_suporte_sup_2" />
                <noderef id="ban_entrega_1" />
                <noderef id="ban_entrega_2" />
            </descendants>
        </node>
        <node id="ban_suporte_1">
            <material id="base"/>
            <texture id="semi_clear_wood">
                <amplification afs="1.0" aft="1.0" />
            </texture>

            <transformations>
                <translation x="0.7" y="0.05" z="0" />
                <scale sx="0.1" sy="1.2" sz="8" />
            </transformations>

            <descendants>
                <noderef id="cube" />
            </descendants>
        </node>
        <node id="ban_suporte_2">
            <material id="base"/>
            <texture id="semi_clear_wood">
                <amplification afs="1.0" aft="1.0" />
            </texture>

            <transformations>
                <translation x="-0.1" y="0.05" z="3.95" />
                <scale sx="1.5" sy="1.2" sz="0.1" />
            </transformations>

            <descendants>
                <noderef id="cube" />
            </descendants>
        </node>
        <node id="ban_refeicao_1">
            <material id="base"/>
            <texture id="clear_wood">
                <amplification afs="1.0" aft="1.0" />
            </texture>

            <transformations>
                <translation x="0.8" y="0.65" z="0.25" />
                <scale sx="0.9" sy="0.1" sz="8.5" /> 
            </transformations>

            <descendants>
                <noderef id="cube" />
            </descendants>
        </node> 
        <node id="ban_refeicao_2">
            <material id="base"/>
            <texture id="clear_wood">
                <amplification afs="1.0" aft="1.0" />
            </texture>

            <transformations>
                <translation x="-0.3" y="0.65" z="4" />
                <scale sx="1.3" sy="0.1" sz="1" />  
            </transformations>

            <descendants>
                <noderef id="cube" />
            </descendants>
        </node> 
        <node id="ban_suporte_sup_1">
            <material id="base"/>
            <texture id="semi_clear_wood">
                <amplification afs="1.0" aft="1.0" />
            </texture>

            <transformations>
                <translation x="0.36" y="0.9" z="-0.26" />
                <scale sx="0.1" sy="0.5" sz="7.53" />
            </transformations>

            <descendants>
                <noderef id="cube" />
            </descendants>
        </node>
        <node id="ban_suporte_sup_2">
                <material id="base"/>
                <texture id="semi_clear_wood">
                    <amplification afs="1.0" aft="1.0" />
                </texture>

                <transformations>
                    <translation x="-0.312" y="0.9" z="3.455" />
                <scale sx="1.25" sy="0.5" sz="0.1" />
                </transformations>

                <descendants>
                    <noderef id="cube" />
                </descendants>
        </node>
        <node id="ban_entrega_1">
            <material id="base"/>
            <texture id="clear_wood">
                <amplification afs="1.0" aft="1.0" />
            </texture>

            <transformations>
                <translation x="0.2" y="1.15" z="-0.2" />
                <scale sx="0.55" sy="0.05" sz="7.6" />
            </transformations>

            <descendants>
                <noderef id="cube" />
            </descendants>
        </node>
        <node id="ban_entrega_2">
                <material id="base"/>
                <texture id="clear_wood">
                    <amplification afs="1.0" aft="1.0" />
                </texture>

                <transformations>
                    <translation x="-0.5" y="1.15" z="3.35" />
                    <scale sx="0.87" sy="0.05" sz="0.5" />
                </transformations>

                <descendants>
                    <noderef id="cube" />
                </descendants>
        </node>

        <node id="paredes">            
            <material id="base" />
            <texture id="wall_wood">
                <amplification afs="1.0" aft="1.0" />
            </texture>

            <transformations>
            </transformations>

            <descendants>
                <noderef id="par_chao" />
                <noderef id="par_traseira" />
                <noderef id="par_lateral" />
            </descendants>
        </node>
        <node id="par_chao">            
            <material id="base" />
            <texture id="floor_wood">
                <amplification afs="1.0" aft="1.0" />
            </texture>

            <transformations>
                <scale sx="5" sy="1" sz="10" />
                <translation x="0" y="0.0" z="1.0" />
                <rotation axis="x" angle="-90" /> 
            </transformations>

            <descendants>
                <leaf type="rectangle" x1="0" y1="0" x2="1" y2="1" />
            </descendants>
        </node>
        <node id="par_traseira">            
            <material id="null" />
            <texture id="null">
                <amplification afs="1.0" aft="1.0" />
            </texture>

            <transformations>
                <scale sx="1" sy="4" sz="10" />
                <translation x="0" y="0.0" z="1.0" />
                <rotation axis="y" angle="90" /> 
            </transformations>

            <descendants>
                <leaf type="rectangle" x1="0" y1="0" x2="1" y2="1" />
            </descendants>
        </node>
        <node id="par_lateral">            
            <material id="null" />
            <texture id="null">
                <amplification afs="1.0" aft="1.0" />
            </texture>

            <transformations>
                <scale sx="5" sy="4" sz="1" />
            </transformations>

            <descendants>
                <leaf type="rectangle" x1="0" y1="0" x2="1" y2="1" />
            </descendants>
        </node>
    
        <node id="set_lat_cadeiras">            
            <material id="null" />
            <texture id="clear">
                <amplification afs="1.0" aft="1.0" />
            </texture>

            <transformations>
                <translation x="3.2" y="0.4" z="4" />
                <scale sx="0.2" sy="0.18" sz="0.2" />
            </transformations>

            <descendants>
                <noderef id="cadeira_1" />
                <noderef id="cadeira_2" />
                <noderef id="cadeira_3" />
                <noderef id="cadeira_4" />
                <noderef id="cadeira_5" />
                <noderef id="cadeira_6" />
                <noderef id="cadeira_7" />
                <noderef id="cadeira_8" />
            </descendants>
        </node>
        <node id="cadeira_1">            
            <material id="null" />
            <texture id="clear">
                <amplification afs="1.0" aft="1.0" />
            </texture>

            <transformations>
                <translation x="0" y="0" z="-17.5" />
            </transformations>

            <descendants>
                <noderef id="cadeira" />
            </descendants>
        </node>
        <node id="cadeira_2">            
            <material id="null" />
            <texture id="clear">
                <amplification afs="1.0" aft="1.0" />
            </texture>

            <transformations>
                <translation x="0" y="0" z="-12.5" />
            </transformations>

            <descendants>
                <noderef id="cadeira" />
            </descendants>
        </node>
        <node id="cadeira_3">            
            <material id="null" />
            <texture id="clear">
                <amplification afs="1.0" aft="1.0" />
            </texture>

            <transformations>
                <translation x="0" y="0" z="-7.5" />
            </transformations>

            <descendants>
                <noderef id="cadeira" />
            </descendants>
        </node>
        <node id="cadeira_4">            
            <material id="null" />
            <texture id="clear">
                <amplification afs="1.0" aft="1.0" />
            </texture>

            <transformations>
                <translation x="0" y="0" z="-2.5" />
            </transformations>

            <descendants>
                <noderef id="cadeira" />
            </descendants>
        </node>
        <node id="cadeira_5">            
            <material id="null" />
            <texture id="clear">
                <amplification afs="1.0" aft="1.0" />
            </texture>

            <transformations>
                <translation x="0" y="0" z="2.5" />
            </transformations> 

            <descendants>
                <noderef id="cadeira" />
            </descendants>
        </node>
        <node id="cadeira_6">            
            <material id="null" />
            <texture id="clear">
                <amplification afs="1.0" aft="1.0" />
            </texture>

            <transformations>
                <translation x="0" y="0" z="7.5" />
            </transformations> 

            <descendants>
                <noderef id="cadeira" />
            </descendants>
        </node>
        <node id="cadeira_7">            
            <material id="null" />
            <texture id="clear">
                <amplification afs="1.0" aft="1.0" />
            </texture>

            <transformations>
                <translation x="0" y="0" z="12.5" />
            </transformations> 

            <descendants>
                <noderef id="cadeira" />
            </descendants>
        </node>
        <node id="cadeira_8">            
            <material id="null" />
            <texture id="clear">
                <amplification afs="1.0" aft="1.0" />
            </texture>

            <transformations>
                <translation x="0" y="0" z="17.5" />
            </transformations> 

            <descendants>
                <noderef id="cadeira" />
            </descendants>
        </node>

        <node id="cadeira">            
            <material id="chrome" />
            <texture id="clear">
                <amplification afs="1.0" aft="1.0" />
            </texture>

            <transformations>
            </transformations>

            <descendants>
                <noderef id="cad_suporte" />
                <noderef id="cad_assento" />
                <noderef id="cad_perna_1" />
                <noderef id="cad_perna_2" />
                <noderef id="cad_perna_3" />
                <noderef id="cad_perna_4" />
                <noderef id="cad_sup_perna_1" />
                <noderef id="cad_sup_perna_2" />
                <noderef id="cad_sup_perna_3" />
                <noderef id="cad_sup_perna_4" />
            </descendants>
        </node>
        <node id="cad_suporte">            
            <material id="null" />
            <texture id="clear">
                <amplification afs="1.0" aft="1.0" />
            </texture>

            <transformations>
                <scale sx="0.3" sy="0.8" sz="0.3" />
                <rotation axis="x" angle="-90" />  
            </transformations>

            <descendants>
                <leaf type="cylinder" height="2.3" topRadius="1" bottomRadius="1" stacks="1" slices="8"/>
            </descendants>
        </node>
        <node id="cad_assento">            
            <material id="black_plastic" />
            <texture id="clear">
                <amplification afs="1.0" aft="1.0" />
            </texture>

            <transformations>
                <translation x="0" y="1.9" z="0" />
                <scale sx="2" sy="0.25" sz="2" />
            </transformations>

            <descendants>
                <noderef id="cube" />
            </descendants>
        </node>
        <node id="cad_perna_1">            
            <material id="null" />
            <texture id="clear">
                <amplification afs="1.0" aft="1.0" />
            </texture>

            <transformations>
                <translation x="0.1" y="0" z="0.1" />
                <rotation axis="y" angle="45" />
                <rotation axis="x" angle="60" />
                <scale sx="0.17" sy="0.18" sz="1.1" />
            </transformations>

            <descendants>
                <leaf type="cylinder" height="2.3" topRadius="1" bottomRadius="1" stacks="1" slices="8"/>
            </descendants>
        </node>
        <node id="cad_perna_2">            
            <material id="null" />
            <texture id="clear">
                <amplification afs="1.0" aft="1.0" />
            </texture>

            <transformations>
                <translation x="0.1" y="0" z="-0.1" />
                <rotation axis="y" angle="135" />
                <rotation axis="x" angle="60" />
                <scale sx="0.17" sy="0.18" sz="1.1" />
            </transformations>

            <descendants>
                <leaf type="cylinder" height="2.3" topRadius="1" bottomRadius="1" stacks="1" slices="8"/>
            </descendants>
        </node>
        <node id="cad_perna_3">            
            <material id="null" />
            <texture id="clear">
                <amplification afs="1.0" aft="1.0" />
            </texture>

            <transformations>
                <translation x="-0.1" y="0" z="-0.1" />
                <rotation axis="y" angle="225" />
                <rotation axis="x" angle="60" />
                <scale sx="0.17" sy="0.18" sz="1.1" />
            </transformations>

            <descendants>
                <leaf type="cylinder" height="2.3" topRadius="1" bottomRadius="1" stacks="1" slices="8"/>
            </descendants>
        </node>
        <node id="cad_perna_4">            
            <material id="null" />
            <texture id="clear">
                <amplification afs="1.0" aft="1.0" />
            </texture>

            <transformations>
                <translation x="-0.1" y="0" z="0.1" />
                <rotation axis="y" angle="315" />
                <rotation axis="x" angle="60" />
                <scale sx="0.17" sy="0.18" sz="1.1" />
            </transformations>

            <descendants>
                <leaf type="cylinder" height="2.3" topRadius="1" bottomRadius="1" stacks="1" slices="8"/>
            </descendants>
        </node>
        <node id="cad_sup_perna_1">            
            <material id="null" />
            <texture id="clear">
                <amplification afs="1.0" aft="1.0" />
            </texture>

            <transformations>
                <translation x="0" y="-1.45" z="0.7" />
                <scale sx="1.4" sy="0.2" sz="0.2" /> 
            </transformations>

            <descendants>
                <noderef id="cube" />
            </descendants>
        </node>
        <node id="cad_sup_perna_2">            
            <material id="null" />
            <texture id="clear">
                <amplification afs="1.0" aft="1.0" />
            </texture>

            <transformations>
                <rotation axis="y" angle="90" />
                <translation x="0" y="-1.45" z="0.7" />
                <scale sx="1.4" sy="0.2" sz="0.2" /> 
            </transformations>

            <descendants>
                <noderef id="cube" />
            </descendants>
        </node>
        <node id="cad_sup_perna_3">            
            <material id="null" />
            <texture id="clear">
                <amplification afs="1.0" aft="1.0" />
            </texture>

            <transformations>
                <rotation axis="y" angle="180" />
                <translation x="0" y="-1.45" z="0.7" />
                <scale sx="1.4" sy="0.2" sz="0.2" /> 
            </transformations>

            <descendants>
                <noderef id="cube" />
            </descendants>
        </node>
        <node id="cad_sup_perna_4">            
            <material id="null" />
            <texture id="clear">
                <amplification afs="1.0" aft="1.0" />
            </texture>

            <transformations>
                <rotation axis="y" angle="270" />
                <translation x="0" y="-1.45" z="0.7" />
                <scale sx="1.4" sy="0.2" sz="0.2" /> 
            </transformations>

            <descendants>
                <noderef id="cube" />
            </descendants>
        </node>

    </nodes>
</lsf>
