<lsf>
    <initials>
        <reference length="0"/>
        <root id="root"/>
    </initials>

    <views default="Board">
        <perspective id="Board" near="0.1" far="500" angle="45">
            <from x="0" y="7" z="5"/>
            <to x="0" y="-2" z="0"/>
        </perspective>
    </views>

    <illumination>
        <ambient r="0.2" g="0.2" b="0.2" a="1.0"/>
        <background r="0.1" g="0.1" b="0.1" a="1.0"/>
    </illumination>


    <lights>
        <light id="Sun">
            <enable value="1"/>
            <position x="20" y="15" z="-40" w="0"/>
            <ambient r="0.4" g="0.4" b="0.4" a="1.0"/>
            <diffuse r="1.0" g="1.0" b="1.0" a="1.0"/>
            <specular r="1.0" g="1.0" b="1.0" a="1.0"/>
        </light>
    </lights>


    <textures>
        <texture id="testTexture" path="./scenes/images/testTexture.png"/>
        <texture id="testTexture2" path="./scenes/images/testTexture2.png"/>
        <texture id="testTexture3" path="./scenes/images/testTexture3.jpg"/>
        <texture id="tile" path="./scenes/images/tile.jpg"/>

        <texture id="skybox_back" path="./scenes/images/back.png"/>
        <texture id="skybox_bottom" path="./scenes/images/bottom.png"/>
        <texture id="skybox_front" path="./scenes/images/front.png"/>
        <texture id="skybox_right" path="./scenes/images/right.png"/>
        <texture id="skybox_top" path="./scenes/images/top.png"/>
        <texture id="skybox_left" path="./scenes/images/left.png"/>

        <texture id="mars" path="./scenes/images/mars.jpg"/>
        <texture id="pluto" path="./scenes/images/pluto.jpg"/>
    </textures>

    <spritesheets>
    </spritesheets>

    <materials>
        <material id="base">
            <shininess value="10"/>
            <ambient r="0.1" g="0.1" b="0.1" a="1.0"/>
            <diffuse r="0" g="0" b="0.0" a="1.0"/>
            <specular r="0.0" g="0.0" b="0.0" a="1.0"/>
            <emissive r="0.5" g="0.5" b="0.5" a="1.0"/>
        </material>
    </materials>

    <animations>
        <animation id="planet_rotation">
            <keyframe instant="0.0">
                <translation z="0" x="0" y="0"/>
                <rotation axis="x" angle="0"/>
                <rotation axis="y" angle="0"/>
                <rotation axis="z" angle="0"/>
                <scale sx="1" sy="1" sz="1"/>
            </keyframe>
            <keyframe instant="300">
                <translation z="0" x="70" y="0"/>
                <rotation axis="x" angle="0"/>
                <rotation axis="y" angle="0"/>
                <rotation axis="z" angle="1800"/>
                <scale sx="1" sy="1" sz="1"/>
            </keyframe>
            <keyframe instant="600">
                <translation z="0" x="0" y="0"/>
                <rotation axis="x" angle="0"/>
                <rotation axis="y" angle="0"/>
                <rotation axis="z" angle="3600"/>
                <scale sx="1" sy="1" sz="1"/>
            </keyframe>
            <keyframe instant="900">
                <translation z="0" x="70" y="0"/>
                <rotation axis="x" angle="0"/>
                <rotation axis="y" angle="0"/>
                <rotation axis="z" angle="5400"/>
                <scale sx="1" sy="1" sz="1"/>
            </keyframe>
            <keyframe instant="1200">
                <translation z="0" x="0" y="0"/>
                <rotation axis="x" angle="0"/>
                <rotation axis="y" angle="0"/>
                <rotation axis="z" angle="7200"/>
                <scale sx="1" sy="1" sz="1"/>
            </keyframe>
        </animation>
    </animations>

    <gameboard x="0" y="0" z="0">
        <tiles material="base" texture="tile"/>
        <camera x="0" y="7" z="15"/>
        <transformations>
            <translation x="0" y="0" z="0"/>
            <rotation angle="0" axis="x"/>
            <scale sx="1" sy="1" sz="1"/>
        </transformations>
    </gameboard>

    <nodes>
        <node id="root">
            <material id="base"/>
            <texture id="testTexture3">
                <amplification aft="1" afs="1"/>
            </texture>

            <transformations>
            </transformations>

            <descendants>
                <noderef id="skybox"/>
                <noderef id="planet1"/>
                <noderef id="planet2"/>
            </descendants>
        </node>

        <node id="planet1">
            <material id="base"/>
            <texture id="mars"/>
            <transformations>
                <translation y="0" x="-20" z="-30"/>
                <scale sx="1" sy="1" sz="1"/>
                <rotation angle="90" axis="x"/>
            </transformations>
            <animationref id="planet_rotation"/>
            <descendants>
                <leaf type="sphere" radius="3" slices="20" stacks="20"/>
            </descendants>
        </node>
        <node id="planet2">
            <material id="base"/>
            <texture id="pluto"/>
            <transformations>
                <translation y="0" x="-20" z="30"/>
                <scale sx="1" sy="1" sz="1"/>
                <rotation angle="90" axis="x"/>
            </transformations>
            <animationref id="planet_rotation"/>
            <descendants>
                <leaf type="sphere" radius="3" slices="20" stacks="20"/>
            </descendants>
        </node>

        <!-- region skybox -->
        <node id="skybox">
            <material id="base"/>
            <texture id="clear"/>
            <transformations>
                <translation y="20" x="0" z="0"/>
                <scale sx="100" sy="100" sz="100"/>
            </transformations>
            <descendants>
                <noderef id="skybox_side1"/>
                <noderef id="skybox_side2"/>
                <noderef id="skybox_side3"/>
                <noderef id="skybox_side4"/>
                <noderef id="skybox_side5"/>
                <noderef id="skybox_side6"/>
            </descendants>
        </node>
        <node id="skybox_side1">
            <material id="base"/>
            <texture id="skybox_bottom">
                <amplification afs="100" aft="100"/>
            </texture>
            <transformations>
                <translation x="0" z="0" y="-0.5"/>
            </transformations>
            <descendants>
                <leaf type="plane" npartsU="5" npartsV="5"/>
            </descendants>
        </node>
        <node id="skybox_side2">
            <material id="base"/>
            <texture id="skybox_left">
                <amplification afs="200" aft="200"/>
            </texture>
            <transformations>
                <translation x="0.5" z="0" y="0"/>
                <rotation axis="y" angle="-90"/>
                <rotation axis="x" angle="90"/>
            </transformations>
            <descendants>
                <leaf type="plane" npartsU="5" npartsV="5"/>
            </descendants>
        </node>
        <node id="skybox_side3">
            <material id="base"/>
            <texture id="skybox_right">
                <amplification afs="200" aft="200"/>
            </texture>
            <transformations>
                <translation x="-0.5" z="0" y="0"/>
                <rotation axis="y" angle="90"/>
                <rotation axis="x" angle="90"/>
            </transformations>
            <descendants>
                <leaf type="plane" npartsU="5" npartsV="5"/>
            </descendants>
        </node>
        <node id="skybox_side4">
            <material id="base"/>
            <texture id="skybox_back">
                <amplification afs="200" aft="200"/>
            </texture>
            <transformations>
                <translation x="0" z="-0.5" y="0"/>
                <rotation axis="x" angle="90"/>
            </transformations>
            <descendants>
                <leaf type="plane" npartsU="5" npartsV="5"/>
            </descendants>
        </node>
        <node id="skybox_side5">
            <material id="base"/>
            <texture id="skybox_front">
                <amplification afs="200" aft="200"/>
            </texture>
            <transformations>
                <translation x="0" z="0.5" y="0"/>
                <rotation angle="180" axis="y"/>
                <rotation axis="x" angle="90"/>
            </transformations>
            <descendants>
                <leaf type="plane" npartsU="5" npartsV="5"/>
            </descendants>
        </node>
        <node id="skybox_side6">
            <material id="base"/>
            <texture id="skybox_top">
                <amplification afs="200" aft="200"/>
            </texture>
            <transformations>
                <translation x="0" z="0" y="0.5"/>
                <rotation axis="x" angle="180"/>
            </transformations>
            <descendants>
                <leaf type="plane" npartsU="5" npartsV="5"/>
            </descendants>
        </node>
        <!-- endregion -->
    </nodes>
</lsf>
