<lsf>
    <initials>
        <reference length="1" />
        <!-- axis length; "0" means no axis displayed -->
        <root id="root" />
    </initials>

    <views default="Inicial">
        <perspective id="Inicial" near="0.1" far="500" angle="45">
            <from x="8" y="3" z="11" />
            <to x="2.5" y="1" z="6" />
        </perspective>
        <perspective id="Vase" near="0.1" far="500" angle="45">
            <from x="1.4" y="3.3" z="5.2" />
            <to x="0.2" y="3.3" z="5.2" />
        </perspective>
        <perspective id="Board" near="0.1" far="500" angle="45">
            <from x="3" y="2.7" z="2" />
            <to x="0.2" y="2.7" z="2" />
        </perspective>
        <ortho id="Ortho_EntryView" near="0.1" far="100" left="-4" right="4" top="2.1" bottom="-2.1">
            <from x="2.5" y="2" z="10" />
            <to x="2.5" y="2" z="0" />
            <up x="0" y="1" z="0" />
        </ortho>
        <ortho id="Ortho_SideView" near="0.1" far="100" left="-5.2" right="5.2" top="2.5" bottom="-2.5">
            <from x="5" y="2" z="5" />
            <to x="0" y="2" z="5" />
            <up x="0" y="1" z="0" />
        </ortho>
        <ortho id="Ortho_TopView" near="0.1" far="100" left="-8" right="8" top="5.1" bottom="-5.1">
            <from x="2.5" y="5" z="5" />
            <to x="2.5" y="0" z="5" />
            <up x="0" y="1" z="1" />
        </ortho>
        <perspective id="Earth?" near="0.1" far="500" angle="45">
            <from x="0" y="10" z="5" />
            <to x="2.5" y="10" z="5" />
        </perspective>
    </views>

    <illumination>
        <ambient r="0.2" g="0.2" b="0.2" a="1.0" />           <!-- global ambient -->
        <background r="0.1" g="0.7" b="1.0" a="1.0" />        <!-- background color -->
    </illumination>

    <lights>
        <!-- NOTE: this block "light" must be repeated as necessary with different "id". 
        At least one light should be present, and a maximum of eight lights is accepted. -->
        <light id="ceilingLight1">            <!-- light identifier -->
            <enable value="1" />
            <!-- enable/disable -->
            <position x="2.5" y="6" z="0" w="1.0" /><!-- light position; w=1: point light; w=0: directional light -->
            <ambient r="0" g="0" b="0" a="1.0" />                   <!-- ambient component -->
            <diffuse r="1.0" g="1.0" b="1.0" a="1.0" />             <!-- diffuse component -->
            <specular r="1.0" g="1.0" b="1.0" a="1.0" />            <!-- specular component -->
        </light>

        <light id="ceilingLight2">            <!-- light identifier -->
            <enable value="1" />
            <!-- enable/disable -->
            <position x="2.5" y="6" z="10" w="1.0" /><!-- light position; w=1: point light; w=0: directional light -->
            <ambient r="0" g="0" b="0" a="1.0" />                   <!-- ambient component -->
            <diffuse r="1.0" g="1.0" b="1.0" a="1.0" />             <!-- diffuse component -->
            <specular r="1.0" g="1.0" b="1.0" a="1.0" />            <!-- specular component -->
        </light>
    </lights>

    <textures>
        <texture id="clear_wood" path="./scenes/images/clear_wood.jpg" />
        <texture id="dark_wood" path="./scenes/images/dark_wood.jpg" />
        <texture id="semi_clear_wood" path="./scenes/images/semi_clear_wood.jpg" />
        <texture id="floor_wood" path="./scenes/images/floor_wood.jpg" />
        <texture id="wall_wood" path="./scenes/images/wall_wood.jpg" />
        <texture id="rattan" path="./scenes/images/palha.jpg" />
        <texture id="glass" path="./scenes/images/bottle.jpg" />
        <texture id="chalkboard" path="./scenes/images/chalkboard.jpg" />
        <texture id="televisao" path="./scenes/images/televisao.jpg" /> <!-- televisao.jpg OU spoiler-alert.jpg -->
        <texture id="white_clay" path="./scenes/images/white_clay.jpg" /> 
        <texture id="vase" path="./scenes/images/vase.jpg" /> 
        <texture id="chalk_tex" path="./scenes/images/chalk_tex.jpg" /> 
        <texture id="cork" path="./scenes/images/cork.jpg" /> 
        <texture id="earth" path="./scenes/images/earth.jpg" /> 
    </textures>

    <materials>
        <material id="demoMaterial">
            <shininess value="2" />
            <ambient r="1.0" g="0.5" b="0.0" a="1.0" />
            <diffuse r="0.6" g="0.0" b="0.0" a="1.0" />
            <specular r="0.6" g="0.0" b="0.0" a="1.0" />
            <emissive r="0.0" g="0.0" b="0.0" a="1.0" />
        </material>
        <material id="base">
            <shininess value="2" />
            <ambient r="0.5" g="0.5" b="0.5" a="0.0" />
            <diffuse r="0.7" g="0.7" b="0.7" a="0.0" />
            <specular r="0.0" g="0.0" b="0.0" a="0.0" />
            <emissive r="0.0" g="0.0" b="0.0" a="0.0" />
        </material>
        <material id="emissive">
            <shininess value="2" />
            <ambient r="0.5" g="0.5" b="0.5" a="0.0" />
            <diffuse r="0.7" g="0.7" b="0.7" a="0.0" />
            <specular r="0.0" g="0.0" b="0.0" a="0.0" />
            <emissive r="0.5" g="0.5" b="0.5" a="0.0" />
        </material>
        <material id="chrome">
            <shininess value="76.8" />
            <ambient r="0.25" g="0.25" b="0.25" a="1.0" />
            <diffuse r="0.3" g="0.3" b="0.3" a="1.0" />
            <specular r="0.774597 " g="0.774597 " b="0.774597 " a="1.0" />
            <emissive r="0.0" g="0.0" b="0.0" a="1.0" />
        </material>
        <material id="black_plastic">
            <shininess value="32" />
            <ambient r="0.1" g="0.1" b="0.1" a="1.0" />
            <diffuse r="0.09" g="0.09" b="0.09" a="1.0" />
            <specular r="0.5 " g="0.5 " b="0.5 " a="1.0" />
            <emissive r="0.0" g="0.0" b="0.0" a="1.0" />
        </material>
        <material id="black_plastic_dif">
            <shininess value="32" />
            <ambient r="0.1" g="0.1" b="0.1" a="1.0" />
            <diffuse r="0.6" g="0.6" b="0.6" a="1.0" />
            <specular r="0.3 " g="0.3 " b="0.3 " a="1.0" />
            <emissive r="0.0" g="0.0" b="0.0" a="1.0" />
        </material>
        <material id="chalk">
            <shininess value="10" />
            <ambient r="0.02" g="0.02" b="0.02" a="1.0" />
            <diffuse r="0.8" g="0.8" b="0.8" a="1.0" />
            <specular r="0.4 " g="0.4 " b="0.4 " a="1.0" />
            <emissive r="0.0" g="0.0" b="0.0" a="1.0" />
        </material>
        <material id="emerald">
            <shininess value="76.8" />
            <ambient r="0.0215" g="0.1745" b="0.0215" a="0.55" />
            <diffuse r="0.07568" g="0.61424" b="0.07568" a="0.55" />
            <specular r="0.633 " g="0.727811 " b="0.633" a="0.55" />
            <emissive r="0.0" g="0.0" b="0.0" a="1.0" />
        </material>
    </materials>

    <nodes>
        <node id="root">            
            <material id="demoMaterial" />
            <texture id="clear_wood">
                <amplification afs="1.0" aft="1.0" />
            </texture>

            <transformations>
            </transformations>

            <descendants>
                <noderef id="paredes" />
                <noderef id="bancada" />
                <noderef id="set_lat_cadeiras" />
                <noderef id="set_lat_tapetes" />
                <noderef id="prateleira" />
                <noderef id="garrafa_1" />
                <noderef id="televisao_lat" />
                <noderef id="quadro_tra" />
                <noderef id="jarro_flor" />

                <noderef id="earth_sphere" />
            </descendants>
        </node>

        <node id="earth_sphere">
            <material id="emissive"/>
            <texture id="earth">
                <amplification afs="1.0" aft="1.0" />
            </texture>

            <transformations>
                <translation x="2.5" y="10" z="5" />
                <rotation axis="x" angle="-90" />
            </transformations>

            <descendants>
                <leaf type="sphere" radius="0.5" slices="10" stacks="5"/>
            </descendants>
        </node>

        <node id="jarro_flor">
            <material id="base"/>
            <texture id="vase">
                <amplification afs="1.0" aft="1.0" />
            </texture>

            <transformations>
            </transformations>

            <descendants>
                <noderef id="jarro" />
                <noderef id="flor" />
            </descendants>
        </node>

        <node id="jarro">
            <material id="base"/>
            <texture id="vase">
                <amplification afs="1.0" aft="1.0" />
            </texture>

            <transformations>
                <translation x="0.3" y="3.04" z="5.0" />
                <scale sx="0.1" sy="0.1" sz="0.1" />
                <rotation axis="y" angle="90" />
            </transformations>

            <descendants>
                <noderef id="jarro_torus" />
                <noderef id="jarro_base" />
                <noderef id="jarro_cylinder" />
            </descendants>
        </node>
        <node id="jarro_torus">
            <material id="null"/>
            <texture id="null">
                <amplification afs="1.0" aft="1.0" />
            </texture>

            <transformations>
                <translation x="0" y="1.5" z="0"/>
            </transformations>

            <descendants>
                <leaf type="torus" inner="0.4" outer="1" slices="30" loops="20" />
            </descendants>
        </node>
        <node id="jarro_base">
            <material id="null"/>
            <texture id="null">
                <amplification afs="1.0" aft="1.0" />
            </texture>

            <transformations>
                <translation x="0" y="0" z="0"/>
                <scale sx="0.5" sy="0.2" sz="0.5" />
            </transformations>

            <descendants>
                <leaf type="sphere" radius="1" slices="6" stacks="5"/>
            </descendants>
        </node>
        <node id="jarro_cylinder">
            <material id="null"/>
            <texture id="null">
                <amplification afs="1.0" aft="1.0" />
            </texture>

            <transformations>
                <translation x="0" y="0.5" z="0"/>
                <scale sx="0.2" sy="1" sz="0.2" />
                <rotation axis="x" angle="-90" />
            </transformations>

            <descendants>
                <leaf type="cylinder" height="3" topRadius="1" bottomRadius="1" stacks="1" slices="6"/>
            </descendants>
        </node>

        <node id="flor">
            <material id="base"/>
            <texture id="clear">
                <amplification afs="1.0" aft="1.0" />
            </texture>

            <transformations>
                <translation x="0.3" y="3.04" z="5.0" />
                <scale sx="0.1" sy="0.1" sz="0.1" />
                <rotation axis="y" angle="90" />
            </transformations>

            <descendants>
                <noderef id="flor_caule" />
                <noderef id="flor_caule2" />
                <noderef id="flor_caule3" />
                <noderef id="flor_botao" />

                <noderef id="flor_folha1" />
                <noderef id="flor_folha2" />
            </descendants>
        </node>
        <node id="flor_caule">
            <material id="emerald"/>
            <texture id="null">
                <amplification afs="1.0" aft="1.0" />
            </texture>

            <transformations>
                <translation x="0" y="2" z="0"/>
                <scale sx="0.2" sy="1" sz="0.2" />
                <rotation axis="x" angle="-90" />
            </transformations>

            <descendants>
                <leaf type="cylinder" height="3" topRadius="0.1" bottomRadius="0.1" stacks="1" slices="5"/>
            </descendants>
        </node>
        <node id="flor_caule2">
            <material id="emerald"/>
            <texture id="null">
                <amplification afs="1.0" aft="1.0" />
            </texture>

            <transformations>
                <translation x="0" y="3.5" z="0"/>
                <scale sx="0.2" sy="1" sz="0.2" />
                <rotation axis="x" angle="-45" />
            </transformations>

            <descendants>
                <leaf type="cylinder" height="1" topRadius="0.1" bottomRadius="0.1" stacks="1" slices="5"/>
            </descendants>
        </node>
        <node id="flor_caule3">
            <material id="emerald"/>
            <texture id="null">
                <amplification afs="1.0" aft="1.0" />
            </texture>

            <transformations>
                <rotation axis="y" angle="90" />
                <translation x="0" y="4" z="0"/>
                <scale sx="0.2" sy="1" sz="0.2" />
                <rotation axis="x" angle="-45" />
            </transformations>

            <descendants>
                <leaf type="cylinder" height="1" topRadius="0.1" bottomRadius="0.1" stacks="1" slices="5"/>
            </descendants>
        </node>
        <node id="flor_botao">
            <material id="demoMaterial"/>
            <texture id="null">
                <amplification afs="1.0" aft="1.0" />
            </texture>

            <transformations>
                <translation x="0" y="5.2" z="0"/>
                <scale sx="0.2" sy="0.6" sz="0.2" />
                <rotation axis="x" angle="-45" />
            </transformations>

            <descendants>
                 <leaf type="torus" inner="0.4" outer="0.5" slices="4" loops="20" />
            </descendants>
        </node>
        <node id="flor_folha1">
            <material id="emerald"/>
            <texture id="null">
                <amplification afs="1.0" aft="1.0" />
            </texture>

            <transformations>
                <translation x="0.05" y="4.3" z="0"/>
                <scale sx="0.2" sy="0.2" sz="0.2" />
                <rotation axis="z" angle="-15" />
            </transformations>

            <descendants>
                <leaf type="triangle" x1="0" y1="0" x2="1" y2="0" x3="0" y3="1"/>
            </descendants>
        </node>
        <node id="flor_folha2">
            <material id="emerald"/>
            <texture id="null">
                <amplification afs="1.0" aft="1.0" />
            </texture>

            <transformations>
                <translation x="-0.01" y="3.8" z="0"/>
                <scale sx="0.2" sy="0.2" sz="0.2" />
                <rotation axis="z" angle="0" />
            </transformations>

            <descendants>
                <leaf type="triangle" x1="-1" y1="0" x2="0" y2="0" x3="0" y3="1"/>
            </descendants>
        </node>


        <node id="televisao_lat">
            <material id="null"/>
            <texture id="null">
                <amplification afs="1.0" aft="1.0" />
            </texture>

            <transformations>
                <translation x="2.6" y="2.5" z="0.05" />
                <scale sx="1" sy="0.5625" sz="0.5" />
            </transformations>

            <descendants>
                <noderef id="televisao" />
            </descendants>
        </node>
        <node id="televisao">
            <material id="null"/>
            <texture id="null">
                <amplification afs="1.0" aft="1.0" />
            </texture>

            <transformations>
            </transformations>

            <descendants>
                <noderef id="tel_escrita" />
                <noderef id="tel_sup_set" />
            </descendants>
        </node>
        <node id="tel_escrita">            
            <material id="black_plastic_dif" />
            <texture id="televisao">
                <amplification afs="2" aft="2" />
            </texture>

            <transformations>
            </transformations>

            <descendants>
                <leaf type="rectangle" x1="0" y1="0" x2="2" y2="2" />
            </descendants>
        </node>
        <node id="tel_sup_set">            
            <material id="black_plastic" />
            <texture id="null">
                <amplification afs="1.0" aft="1.0" />
            </texture>

            <transformations>
            </transformations>

            <descendants>
                <noderef id="quad_sup_sup" />
                <noderef id="quad_sup_inf" />
                <noderef id="quad_sup_dir" />
                <noderef id="quad_sup_esq" />
            </descendants>
        </node>

        <node id="quadro_tra">
            <material id="null"/>
            <texture id="null">
                <amplification afs="1.0" aft="1.0" />
            </texture>

            <transformations>
                <translation x="0.05" y="1.7" z="2.7" />
                <scale sx="1" sy="1" sz="0.6" />
                <rotation axis="y" angle="90" />
            </transformations>

            <descendants>
                <noderef id="quadro" />
            </descendants>
        </node>
        <node id="quadro">
            <material id="null"/>
            <texture id="null">
                <amplification afs="1.0" aft="1.0" />
            </texture>

            <transformations>
            </transformations>

            <descendants>
                <noderef id="quad_escrita" />
                <noderef id="quad_sup_set" />
            </descendants>
        </node>
        <node id="quad_escrita">            
            <material id="chalk" />
            <texture id="chalkboard">
                <amplification afs="2.0" aft="2.0" />
            </texture>

            <transformations>
            </transformations>

            <descendants>
                <leaf type="rectangle" x1="0" y1="0" x2="2" y2="2" />
                <noderef id="quad_escrita_triangle1" />
                <noderef id="quad_escrita_triangle2" />
                <noderef id="quad_escrita_triangle3" />
                <noderef id="quad_escrita_triangle4" />
            </descendants>
        </node>
        <node id="quad_escrita_triangle1">            
            <material id="base" />
            <texture id="chalk_tex">
                <amplification afs="2.0" aft="2.0" />
            </texture>

            <transformations>
                <translation x="1" y="0" z="0.01" />
            </transformations>

            <descendants>
                <leaf type="triangle" x1="-1" y1="0" x2="1" y2="0" x3="0" y3="1"/>
            </descendants>
        </node>
        <node id="quad_escrita_triangle2">            
            <material id="base" />
            <texture id="chalk_tex">
                <amplification afs="2.0" aft="2.0" />
            </texture>

            <transformations>
                <translation x="1" y="2" z="0.01" />
                <rotation axis="z" angle="180" />
            </transformations>

            <descendants>
                <leaf type="triangle" x1="-1" y1="0" x2="1" y2="0" x3="0" y3="1"/>
            </descendants>
        </node>
        <node id="quad_escrita_triangle3">            
            <material id="base" />
            <texture id="chalk_tex">
                <amplification afs="-2.0" aft="2.0" />
            </texture>

            <transformations>
                <translation x="2" y="1" z="0.01" />
                <rotation axis="z" angle="90" />
            </transformations>

            <descendants>
                <leaf type="triangle" x1="-1" y1="0" x2="1" y2="0" x3="0" y3="1"/>
            </descendants>
        </node>
        <node id="quad_escrita_triangle4">            
            <material id="base" />
            <texture id="chalk_tex">
                <amplification afs="-2.0" aft="2.0" />
            </texture>

            <transformations>
                <translation x="0" y="1" z="0.01" />
                <rotation axis="z" angle="-90" />
            </transformations>

            <descendants>
                <leaf type="triangle" x1="-1" y1="0" x2="1" y2="0" x3="0" y3="1"/>
            </descendants>
        </node>
        <node id="quad_sup_set">            
            <material id="base" />
            <texture id="clear_wood">
                <amplification afs="1.0" aft="1.0" />
            </texture>

            <transformations>
            </transformations>

            <descendants>
                <noderef id="quad_sup_sup" />
                <noderef id="quad_sup_inf" />
                <noderef id="quad_sup_dir" />
                <noderef id="quad_sup_esq" />
            </descendants>
        </node>
        <node id="quad_sup_sup">            
            <material id="null" />
            <texture id="null">
                <amplification afs="1.0" aft="1.0" />
            </texture>

            <transformations>
                <translation x="1" y="2" z="0" />
            </transformations>

            <descendants>
                <noderef id="quad_sup" />
            </descendants>
        </node>
        <node id="quad_sup_inf">            
            <material id="null" />
            <texture id="null">
                <amplification afs="1.0" aft="1.0" />
            </texture>

            <transformations>
                <translation x="1" y="0" z="0" />
            </transformations>

            <descendants>
                <noderef id="quad_sup" />
            </descendants>
        </node>
        <node id="quad_sup_dir">            
            <material id="null" />
            <texture id="null">
                <amplification afs="1.0" aft="1.0" />
            </texture>

            <transformations>
                <translation x="2" y="1" z="0" />
                <rotation axis="z" angle="90" />
                <scale sx="1.05" sy="1" sz="1" />
            </transformations>

            <descendants>
                <noderef id="quad_sup" />
            </descendants>
        </node>
        <node id="quad_sup_esq">            
            <material id="null" />
            <texture id="null">
                <amplification afs="1.0" aft="1.0" />
            </texture>

            <transformations>
                <translation x="0" y="1" z="0" />
                <rotation axis="z" angle="90" />
                <scale sx="1.05" sy="1" sz="1" />
            </transformations>

            <descendants>
                <noderef id="quad_sup" />
            </descendants>
        </node>
        <node id="quad_sup">            
            <material id="null" />
            <texture id="null">
                <amplification afs="1.0" aft="1.0" />
            </texture>

            <transformations>
                <scale sx="2" sy="0.1" sz="0.1" />
            </transformations>

            <descendants>
                <noderef id="cube" />
            </descendants>
        </node>

        <node id="garrafa_1">
            <material id="null"/>
            <texture id="null">
                <amplification afs="1.0" aft="1.0" />
            </texture>

            <transformations>
                <translation x="0.235" y="3" z="5.5" />
                <scale sx="0.2" sy="0.2" sz="0.2" />
            </transformations>

            <descendants>
                <noderef id="garrafa" />
            </descendants>
        </node>
        <node id="garrafa">
            <material id="chrome"/>
            <texture id="glass">
                <amplification afs="1.0" aft="1.0" />
            </texture>

            <transformations>
                <!-- <translation x="0.235" y="3" z="5.5" />
                <scale sx="0.5" sy="0.5" sz="0.5" /> -->
            </transformations>

            <descendants>
                <noderef id="corpo" />
                <noderef id="corpo_superior" />
                <noderef id="gargalo" />
                <noderef id="rolha" />
            </descendants>
        </node>
        <node id="corpo">
            <material id="null"/>
            <texture id="null">
                <amplification afs="1.0" aft="1.0" />
            </texture>

            <transformations>
                <translation x="0" y="0" z="0" />
                <scale sx="0.5" sy="1.2" sz="0.5" />
                <rotation axis="x" angle="-90" />
            </transformations>

            <descendants>
                <leaf type="cylinder" height="2" topRadius="1" bottomRadius="1" stacks="1" slices="10"/>
            </descendants>
        </node>
        <node id="corpo_superior">
            <material id="null"/>
            <texture id="null">
                <amplification afs="1.0" aft="1.0" />
            </texture>

            <transformations>
                <translation x="0" y="2.4" z="0" />
                <scale sx="0.50" sy="0.5" sz="0.50" />
                <rotation axis="x" angle="-90" />
            </transformations>

            <descendants>
                <leaf type="sphere" radius="1" slices="10" stacks="5"/>
            </descendants>
        </node>
        <node id="gargalo">
            <material id="null"/>
            <texture id="null">
                <amplification afs="1.0" aft="1.0" />
            </texture>

            <transformations>
                <translation x="0" y="2.7" z="0" />
                <scale sx="0.17" sy="0.5" sz="0.17" />
                <rotation axis="x" angle="-90" />
            </transformations>

            <descendants>
                <leaf type="cylinder" height="2" topRadius="1" bottomRadius="1" stacks="1" slices="8"/>
            </descendants>
        </node>
        <node id="rolha">
            <material id="base"/>
            <texture id="cork">
                <amplification afs="1.0" aft="1.0" />
            </texture>

            <transformations>
                <translation x="0" y="2.77" z="0" />
                <scale sx="0.14" sy="0.5" sz="0.14" />
                <rotation axis="x" angle="-90" />
            </transformations>

            <descendants>
                <leaf type="cylinder" height="2" topRadius="1" bottomRadius="1" stacks="1" slices="8"/>
            </descendants>
        </node>

        <node id="prateleira">
            <material id="base"/>
            <texture id="null">
                <amplification afs="1.0" aft="1.0" />
            </texture>

            <transformations>
                <translation x="0.235" y="3" z="5.5" />
                <scale sx="0.5" sy="0.5" sz="0.5" />
            </transformations>

            <descendants>
                <noderef id="prat_suporte" />
                <noderef id="prat_apoio_esq" />
                <noderef id="prat_apoio_dir" />
            </descendants>
        </node>
        <node id="prat_suporte">
            <material id="null"/>
            <texture id="null">
                <amplification afs="1.0" aft="1.0" />
            </texture>

            <transformations>
                <translation x="0" y="0" z="0" />
                <scale sx="1" sy="0.1" sz="5" />
            </transformations>

            <descendants>
                <noderef id="cube" />
            </descendants>
        </node>
        <node id="prat_apoio_esq">
            <material id="null"/>
            <texture id="null">
                <amplification afs="1.0" aft="1.0" />
            </texture>

            <transformations>
                <translation x="0" y="0" z="2" />
            </transformations>

            <descendants>
                <noderef id="prat_apoio_1" />
                <noderef id="prat_apoio_2" />
                <noderef id="prat_apoio_3" />
            </descendants>
        </node>
        <node id="prat_apoio_dir">
            <material id="null"/>
            <texture id="null">
                <amplification afs="1.0" aft="1.0" />
            </texture>

            <transformations>
                <translation x="0" y="0" z="-2" />
            </transformations>

            <descendants>
                <noderef id="prat_apoio_1" />
                <noderef id="prat_apoio_2" />
                <noderef id="prat_apoio_3" />
            </descendants>
        </node>
        <node id="prat_apoio_1">
            <material id="null"/>
            <texture id="null">
                <amplification afs="1.0" aft="1.0" />
            </texture>

            <transformations>
                <translation x="-0.45" y="-0.35" z="0" />
                <scale sx="0.1" sy="0.7" sz="0.1" />
            </transformations>

            <descendants>
                <noderef id="cube" />
            </descendants>
        </node>
        <node id="prat_apoio_2">
            <material id="null"/>
            <texture id="null">
                <amplification afs="1.0" aft="1.0" />
            </texture>

            <transformations>
                <translation x="-0.15" y="-0.10" z="0" />
                <scale sx="0.7" sy="0.1" sz="0.1" />
            </transformations>

            <descendants>
                <noderef id="cube" />
            </descendants>
        </node>
        <node id="prat_apoio_3">
            <material id="null"/>
            <texture id="null">
                <amplification afs="1.0" aft="1.0" />
            </texture>

            <transformations>
                <translation x="-0.2" y="-0.35" z="0" />
                <rotation axis="z" angle="45" />
                <scale sx="0.7" sy="0.1" sz="0.1" />
            </transformations>

            <descendants>
                <noderef id="cube" />
            </descendants>
        </node>

        <node id="cube">            
            <material id="null" />
            <texture id="null">
                <amplification afs="1.0" aft="1.0" />
            </texture>

            <transformations>
            </transformations>

            <descendants>
                <noderef id="cub_lado_1" />
                <noderef id="cub_lado_2" />
                <noderef id="cub_lado_3" />
                <noderef id="cub_lado_4" />
                <noderef id="cub_lado_5" />
                <noderef id="cub_lado_6" />
            </descendants>
        </node>
        <node id="cub_lado_1">            
            <material id="null" />
            <texture id="null">
                <amplification afs="1.0" aft="1.0" />
            </texture>

            <transformations>
                <translation x="0.5" y="-0.5" z="0.5" />
                <rotation axis="y" angle="90" />
            </transformations>

            <descendants>
                <leaf type="rectangle" x1="0" y1="0" x2="1" y2="1" />
            </descendants>
        </node>
        <node id="cub_lado_2">            
            <material id="null" />
            <texture id="null">
                <amplification afs="1.0" aft="1.0" />
            </texture>

            <transformations>
                <translation x="-0.5" y="-0.5" z="-0.5" />
                <rotation axis="y" angle="270" />
            </transformations>

            <descendants>
                <leaf type="rectangle" x1="0" y1="0" x2="1" y2="1" />
            </descendants>
        </node>
        <node id="cub_lado_3">            
            <material id="null" />
            <texture id="null">
                <amplification afs="1.0" aft="1.0" />
            </texture>

            <transformations>
                <translation x="-0.5" y="-0.5" z="-0.5" />
                <rotation axis="x" angle="90" /> 
            </transformations>

            <descendants>
                <leaf type="rectangle" x1="0" y1="0" x2="1" y2="1" />
            </descendants>
        </node>
        <node id="cub_lado_4">            
            <material id="null" />
            <texture id="null">
                <amplification afs="1.0" aft="1.0" />
            </texture>

            <transformations>
                <translation x="-0.5" y="0.5" z="0.5" />
                <rotation axis="x" angle="-90" />  
            </transformations>

            <descendants>
                <leaf type="rectangle" x1="0" y1="0" x2="1" y2="1" />
            </descendants>
        </node>
        <node id="cub_lado_5">            
            <material id="null" />
            <texture id="null">
                <amplification afs="1.0" aft="1.0" />
            </texture>

            <transformations>
                <translation x="0.5" y="-0.5" z="-0.5" />
                <rotation axis="y" angle="180" />   
            </transformations>

            <descendants>
                <leaf type="rectangle" x1="0" y1="0" x2="1" y2="1" />
            </descendants>
        </node>
        <node id="cub_lado_6">            
            <material id="null" />
            <texture id="null">
                <amplification afs="1.0" aft="1.0" />
            </texture>

            <transformations>
                <translation x="-0.5" y="-0.5" z="0.5" />
            </transformations>

            <descendants>
                <leaf type="rectangle" x1="0" y1="0" x2="1" y2="1" />
            </descendants>
        </node>
        <!-- Area dos tapetes da bancada -->
        <node id="set_lat_tapetes">            
            <material id="base" />
            <texture id="rattan">
                <amplification afs="0.1" aft="0.1" />
            </texture>

            <transformations>
                <translation x="2.43" y="1.255" z="3.9" />
                <scale sx="0.8" sy="1" sz="0.8" />
                <rotation axis="x" angle="-90" />
            </transformations>

            <descendants>
                <noderef id="tapete_1" />
                <noderef id="tapete_2" />
                <noderef id="tapete_3" />
                <noderef id="tapete_4" />
                <noderef id="tapete_5" />
                <noderef id="tapete_6" />
                <noderef id="tapete_7" />
                <noderef id="tapete_8" />
            </descendants>
        </node>
        <node id="tapete">
            <material id="null" />
            <texture id="null">
                <amplification aft="0.1" afs="0.1" />
            </texture>
            <transformations/>
            <descendants>
                <leaf type="rectangle" x1="0" y1="0" x2="1" y2="1" />
            </descendants>
        </node>
        <node id="tapete_1">
            <material id="null"/>
            <texture id="null"/>

            <transformations>
                <translation x="0" y="3.7" z="0" />
            </transformations>

            <descendants>
                <noderef id="tapete" />
            </descendants>
        </node>
        <node id="tapete_2">
            <material id="null"/>
            <texture id="null">

            </texture>

            <transformations>
                <translation x="0" y="2.46" z="0" />
            </transformations>

            <descendants>
                <noderef id="tapete" />
            </descendants>
        </node>
        <node id="tapete_3">
            <material id="null"/>
            <texture id="null">
            </texture>

            <transformations>
                <translation x="0" y="1.23" z="0" />
            </transformations>

            <descendants>
                <noderef id="tapete" />
            </descendants>
        </node>
        <node id="tapete_4">
            <material id="null"/>
            <texture id="null">
            </texture>

            <transformations>
                <translation x="0" y="0" z="0" />
            </transformations>

            <descendants>
                <noderef id="tapete" />
            </descendants>
        </node>
        <node id="tapete_5">
            <material id="null"/>
            <texture id="null">
            </texture>

            <transformations>
                <translation x="0" y="-1.23" z="0" />
            </transformations>

            <descendants>
                <noderef id="tapete" />
            </descendants>
        </node>
        <node id="tapete_6">
            <material id="null"/>
            <texture id="null">
            </texture>

            <transformations>
                <translation x="0" y="-2.46" z="0" />
            </transformations>

            <descendants>
                <noderef id="tapete" />
            </descendants>
        </node>
        <node id="tapete_7">
            <material id="null"/>
            <texture id="null">
            </texture>

            <transformations>
                <translation x="0" y="-3.7" z="0" />
            </transformations>

            <descendants>
                <noderef id="tapete" />
            </descendants>
        </node>
        <node id="tapete_8">
            <material id="null"/>
            <texture id="null">
            </texture>

            <transformations>
                <translation x="0" y="-4.94" z="0" />
            </transformations>

            <descendants>
                <noderef id="tapete" />
            </descendants>
        </node>
        <!-- fim da area dos tapetes da bancada -->

        <node id="bancada">
            <material id="null"/>
            <texture id="clear">
                <amplification afs="1.0" aft="1.0" />
            </texture>

            <transformations>
                <translation x="2" y="0.55" z="4" />
            </transformations>

            <descendants>
                <noderef id="ban_suporte_1" />
                <noderef id="ban_suporte_2" />
                <noderef id="ban_refeicao_1" />
                <noderef id="ban_refeicao_2" />
                <noderef id="ban_suporte_sup_1" />
                <noderef id="ban_suporte_sup_2" />
                <noderef id="ban_entrega_1" />
                <noderef id="ban_entrega_2" />
            </descendants>
        </node>
        <node id="ban_suporte_1">
            <material id="base"/>
            <texture id="semi_clear_wood">
                <amplification afs="1" aft="1" />
            </texture>

            <transformations>
                <translation x="0.7" y="0.05" z="0" />
                <scale sx="0.1" sy="1.2" sz="8" />
            </transformations>

            <descendants>
                <noderef id="cube" />
            </descendants>
        </node>
        <node id="ban_suporte_2">
            <material id="base"/>
            <texture id="semi_clear_wood">
                <amplification afs="1.0" aft="1.0" />
            </texture>

            <transformations>
                <translation x="-0.1" y="0.05" z="3.95" />
                <scale sx="1.5" sy="1.2" sz="0.1" />
            </transformations>

            <descendants>
                <noderef id="cube" />
            </descendants>
        </node>
        <node id="ban_refeicao_1">
            <material id="base"/>
            <texture id="clear_wood">
                <amplification afs="1.0" aft="0.2" />
            </texture>

            <transformations>
                <translation x="0.8" y="0.65" z="0.25" />
                <scale sx="0.9" sy="0.1" sz="8.5" /> 
            </transformations>

            <descendants>
                <noderef id="cube" />
            </descendants>
        </node> 
        <node id="ban_refeicao_2">
            <material id="base"/>
            <texture id="clear_wood">
                <amplification afs="1.0" aft="1.0" />
            </texture>

            <transformations>
                <translation x="-0.3" y="0.65" z="4" />
                <scale sx="1.3" sy="0.1" sz="1" />  
            </transformations>

            <descendants>
                <noderef id="cube" />
            </descendants>
        </node> 
        <node id="ban_suporte_sup_1">
            <material id="base"/>
            <texture id="semi_clear_wood">
                <amplification afs="0.2" aft="1.0" />
            </texture>

            <transformations>
                <translation x="0.36" y="0.9" z="-0.26" />
                <scale sx="0.1" sy="0.5" sz="7.53" />
            </transformations>

            <descendants>
                <noderef id="cube" />
            </descendants>
        </node>
        <node id="ban_suporte_sup_2">
                <material id="base"/>
                <texture id="semi_clear_wood">
                    <amplification afs="1.0" aft="1.0" />
                </texture>

                <transformations>
                    <translation x="-0.312" y="0.9" z="3.455" />
                <scale sx="1.25" sy="0.5" sz="0.1" />
                </transformations>

                <descendants>
                    <noderef id="cube" />
                </descendants>
        </node>
        <node id="ban_entrega_1">
            <material id="base"/>
            <texture id="clear_wood">
                <amplification afs="1" aft="0.2" />
            </texture>

            <transformations>
                <translation x="0.2" y="1.15" z="-0.2" />
                <scale sx="0.55" sy="0.05" sz="7.6" />
            </transformations>

            <descendants>
                <noderef id="cube" />
            </descendants>
        </node>
        <node id="ban_entrega_2">
                <material id="base"/>
                <texture id="clear_wood">
                    <amplification afs="1.0" aft="1.0" />
                </texture>

                <transformations>
                    <translation x="-0.5" y="1.15" z="3.35" />
                    <scale sx="0.87" sy="0.05" sz="0.5" />
                </transformations>

                <descendants>
                    <noderef id="cube" />
                </descendants>
        </node>

        <node id="paredes">            
            <material id="base" />
            <texture id="wall_wood">
                <amplification afs="2.0" aft="2.0" />
            </texture>

            <transformations>
            </transformations>

            <descendants>
                <noderef id="par_chao" />
                <noderef id="par_traseira" />
                <noderef id="par_lateral" />
            </descendants>
        </node>
        <node id="par_chao">            
            <material id="base" />
            <texture id="floor_wood">
                <amplification afs="0.7" aft="1" />
            </texture>

            <transformations>
                <scale sx="5" sy="1" sz="10" />
                <translation x="0" y="0.0" z="1.0" />
                <rotation axis="x" angle="-90" /> 
            </transformations>

            <descendants>
                <leaf type="rectangle" x1="0" y1="0" x2="1" y2="1" />
            </descendants>
        </node>
        <node id="par_traseira">            
            <material id="null" />
            <texture id="null">
                <amplification afs="1" aft="0.5" />
            </texture>

            <transformations>
                <scale sx="1" sy="4" sz="10" />
                <translation x="0" y="0.0" z="1.0" />
                <rotation axis="y" angle="90" /> 
            </transformations>

            <descendants>
                <leaf type="rectangle" x1="0" y1="0" x2="1" y2="1" />
            </descendants>
        </node>
        <node id="par_lateral">            
            <material id="null" />
            <texture id="null">
                 <amplification afs="1" aft="0.5" />
            </texture>

            <transformations>
                <scale sx="5" sy="4" sz="1" />
            </transformations>

            <descendants>
                <leaf type="rectangle" x1="0" y1="0" x2="1" y2="1" />
            </descendants>
        </node>
    
        <node id="set_lat_cadeiras">            
            <material id="null" />
            <texture id="clear">
                <amplification afs="1.0" aft="1.0" />
            </texture>

            <transformations>
                <translation x="3.2" y="0.4" z="4" />
                <scale sx="0.2" sy="0.18" sz="0.2" />
            </transformations>

            <descendants>
                <noderef id="cadeira_1" />
                <noderef id="cadeira_2" />
                <noderef id="cadeira_3" />
                <noderef id="cadeira_4" />
                <noderef id="cadeira_5" />
                <noderef id="cadeira_6" />
                <noderef id="cadeira_7" />
                <noderef id="cadeira_8" />
            </descendants>
        </node>
        <node id="cadeira_1">            
            <material id="null" />
            <texture id="clear">
                <amplification afs="1.0" aft="1.0" />
            </texture>

            <transformations>
                <translation x="0" y="0" z="-17.5" />
            </transformations>

            <descendants>
                <noderef id="cadeira" />
            </descendants>
        </node>
        <node id="cadeira_2">            
            <material id="null" />
            <texture id="clear">
                <amplification afs="1.0" aft="1.0" />
            </texture>

            <transformations>
                <translation x="0" y="0" z="-12.5" />
            </transformations>

            <descendants>
                <noderef id="cadeira" />
            </descendants>
        </node>
        <node id="cadeira_3">            
            <material id="null" />
            <texture id="clear">
                <amplification afs="1.0" aft="1.0" />
            </texture>

            <transformations>
                <translation x="0" y="0" z="-7.5" />
            </transformations>

            <descendants>
                <noderef id="cadeira" />
            </descendants>
        </node>
        <node id="cadeira_4">            
            <material id="null" />
            <texture id="clear">
                <amplification afs="1.0" aft="1.0" />
            </texture>

            <transformations>
                <translation x="0" y="0" z="-2.5" />
            </transformations>

            <descendants>
                <noderef id="cadeira" />
            </descendants>
        </node>
        <node id="cadeira_5">            
            <material id="null" />
            <texture id="clear">
                <amplification afs="1.0" aft="1.0" />
            </texture>

            <transformations>
                <translation x="0" y="0" z="2.5" />
            </transformations> 

            <descendants>
                <noderef id="cadeira" />
            </descendants>
        </node>
        <node id="cadeira_6">            
            <material id="null" />
            <texture id="clear">
                <amplification afs="1.0" aft="1.0" />
            </texture>

            <transformations>
                <translation x="0" y="0" z="7.5" />
            </transformations> 

            <descendants>
                <noderef id="cadeira" />
            </descendants>
        </node>
        <node id="cadeira_7">            
            <material id="null" />
            <texture id="clear">
                <amplification afs="1.0" aft="1.0" />
            </texture>

            <transformations>
                <translation x="0" y="0" z="12.5" />
            </transformations> 

            <descendants>
                <noderef id="cadeira" />
            </descendants>
        </node>
        <node id="cadeira_8">            
            <material id="null" />
            <texture id="clear">
                <amplification afs="1.0" aft="1.0" />
            </texture>

            <transformations>
                <translation x="0" y="0" z="17.5" />
            </transformations> 

            <descendants>
                <noderef id="cadeira" />
            </descendants>
        </node>

        <node id="cadeira">            
            <material id="chrome" />
            <texture id="clear">
                <amplification afs="1.0" aft="1.0" />
            </texture>

            <transformations>
            </transformations>

            <descendants>
                <noderef id="cad_suporte" />
                <noderef id="cad_assento" />
                <noderef id="cad_perna_1" />
                <noderef id="cad_perna_2" />
                <noderef id="cad_perna_3" />
                <noderef id="cad_perna_4" />
                <noderef id="cad_sup_perna_1" />
                <noderef id="cad_sup_perna_2" />
                <noderef id="cad_sup_perna_3" />
                <noderef id="cad_sup_perna_4" />
            </descendants>
        </node>
        <node id="cad_suporte">            
            <material id="null" />
            <texture id="clear">
                <amplification afs="1.0" aft="1.0" />
            </texture>

            <transformations>
                <scale sx="0.3" sy="0.8" sz="0.3" />
                <rotation axis="x" angle="-90" />  
            </transformations>

            <descendants>
                <leaf type="cylinder" height="2.3" topRadius="1" bottomRadius="1" stacks="1" slices="8"/>
            </descendants>
        </node>
        <node id="cad_assento">            
            <material id="black_plastic" />
            <texture id="clear">
                <amplification afs="1.0" aft="1.0" />
            </texture>

            <transformations>
                <translation x="0" y="1.9" z="0" />
                <scale sx="2" sy="0.25" sz="2" />
            </transformations>

            <descendants>
                <noderef id="cube" />
            </descendants>
        </node>
        <node id="cad_perna_1">            
            <material id="null" />
            <texture id="clear">
                <amplification afs="1.0" aft="1.0" />
            </texture>

            <transformations>
                <translation x="0.1" y="0" z="0.1" />
                <rotation axis="y" angle="45" />
                <rotation axis="x" angle="60" />
                <scale sx="0.17" sy="0.18" sz="1.1" />
            </transformations>

            <descendants>
                <leaf type="cylinder" height="2.3" topRadius="1" bottomRadius="1" stacks="1" slices="8"/>
            </descendants>
        </node>
        <node id="cad_perna_2">            
            <material id="null" />
            <texture id="clear">
                <amplification afs="1.0" aft="1.0" />
            </texture>

            <transformations>
                <translation x="0.1" y="0" z="-0.1" />
                <rotation axis="y" angle="135" />
                <rotation axis="x" angle="60" />
                <scale sx="0.17" sy="0.18" sz="1.1" />
            </transformations>

            <descendants>
                <leaf type="cylinder" height="2.3" topRadius="1" bottomRadius="1" stacks="1" slices="8"/>
            </descendants>
        </node>
        <node id="cad_perna_3">            
            <material id="null" />
            <texture id="clear">
                <amplification afs="1.0" aft="1.0" />
            </texture>

            <transformations>
                <translation x="-0.1" y="0" z="-0.1" />
                <rotation axis="y" angle="225" />
                <rotation axis="x" angle="60" />
                <scale sx="0.17" sy="0.18" sz="1.1" />
            </transformations>

            <descendants>
                <leaf type="cylinder" height="2.3" topRadius="1" bottomRadius="1" stacks="1" slices="8"/>
            </descendants>
        </node>
        <node id="cad_perna_4">            
            <material id="null" />
            <texture id="clear">
                <amplification afs="1.0" aft="1.0" />
            </texture>

            <transformations>
                <translation x="-0.1" y="0" z="0.1" />
                <rotation axis="y" angle="315" />
                <rotation axis="x" angle="60" />
                <scale sx="0.17" sy="0.18" sz="1.1" />
            </transformations>

            <descendants>
                <leaf type="cylinder" height="2.3" topRadius="1" bottomRadius="1" stacks="1" slices="8"/>
            </descendants>
        </node>
        <node id="cad_sup_perna_1">            
            <material id="null" />
            <texture id="clear">
                <amplification afs="1.0" aft="1.0" />
            </texture>

            <transformations>
                <translation x="0" y="-1.45" z="0.7" />
                <scale sx="1.4" sy="0.2" sz="0.2" /> 
            </transformations>

            <descendants>
                <noderef id="cube" />
            </descendants>
        </node>
        <node id="cad_sup_perna_2">            
            <material id="null" />
            <texture id="clear">
                <amplification afs="1.0" aft="1.0" />
            </texture>

            <transformations>
                <rotation axis="y" angle="90" />
                <translation x="0" y="-1.45" z="0.7" />
                <scale sx="1.4" sy="0.2" sz="0.2" /> 
            </transformations>

            <descendants>
                <noderef id="cube" />
            </descendants>
        </node>
        <node id="cad_sup_perna_3">            
            <material id="null" />
            <texture id="clear">
                <amplification afs="1.0" aft="1.0" />
            </texture>

            <transformations>
                <rotation axis="y" angle="180" />
                <translation x="0" y="-1.45" z="0.7" />
                <scale sx="1.4" sy="0.2" sz="0.2" /> 
            </transformations>

            <descendants>
                <noderef id="cube" />
            </descendants>
        </node>
        <node id="cad_sup_perna_4">            
            <material id="null" />
            <texture id="clear">
                <amplification afs="1.0" aft="1.0" />
            </texture>

            <transformations>
                <rotation axis="y" angle="270" />
                <translation x="0" y="-1.45" z="0.7" />
                <scale sx="1.4" sy="0.2" sz="0.2" /> 
            </transformations>

            <descendants>
                <noderef id="cube" />
            </descendants>
        </node>

    </nodes>
</lsf>
